n,queue_mean,queue_std,priorityqueue_mean,priorityqueue_std
11772,0.578296422958374,0.033329981389370995,0.6308206796646119,0.11333995156239687
706320,26.836220836639406,4.3120532513605445,33.703421998023984,4.5414132687552895
3531600,138.4839383840561,12.404452168473778,152.78727719783782,15.241852139284191
